{
    "Ar36": {
        "error": 0.001940215361136467, 
        "filter_outliers_dict": {
            "filter_outliers": true, 
            "iterations": 1, 
            "std_devs": 2
        }, 
        "fit": "Parabolic", 
        "value": 0.02967626354798819
    }, 
    "Ar37": {
        "error": 0.04839687311064674, 
        "filter_outliers_dict": {
            "filter_outliers": true, 
            "iterations": 1, 
            "std_devs": 2
        }, 
        "fit": "linear", 
        "value": 0.03822599662505442
    }, 
    "Ar38": {
        "error": 0.02037044598662749, 
        "filter_outliers_dict": {
            "filter_outliers": true, 
            "iterations": 1, 
            "std_devs": 2
        }, 
        "fit": "linear", 
        "value": 0.19840525605170728
    }, 
    "Ar39": {
        "error": 0.06571516432998843, 
        "filter_outliers_dict": {
            "filter_outliers": true, 
            "iterations": 1, 
            "std_devs": 2
        }, 
        "fit": "Parabolic", 
        "value": 17.83190065618549
    }, 
    "Ar40": {
        "error": 0.4450233372802691, 
        "filter_outliers_dict": {
            "filter_outliers": true, 
            "iterations": 1, 
            "std_devs": 2
        }, 
        "fit": "Parabolic", 
        "value": 2220.3566982655043
    }, 
    "Ar41": {
        "error": 0.10615420042073359, 
        "filter_outliers_dict": {
            "filter_outliers": true, 
            "iterations": 1, 
            "std_devs": 2
        }, 
        "fit": "linear", 
        "value": 0.1586512754866035
    }
}