{
    "Ar36": {
        "error": 0.0010528555911553605, 
        "filter_outliers_dict": {
            "filter_outliers": true, 
            "iterations": 1, 
            "std_devs": 2
        }, 
        "fit": "Parabolic", 
        "value": 0.00681198381343253
    }, 
    "Ar37": {
        "error": 0.047885228913103865, 
        "filter_outliers_dict": {
            "filter_outliers": true, 
            "iterations": 1, 
            "std_devs": 2
        }, 
        "fit": "linear", 
        "value": -0.006715819374172342
    }, 
    "Ar38": {
        "error": 0.021022258810750174, 
        "filter_outliers_dict": {
            "filter_outliers": true, 
            "iterations": 1, 
            "std_devs": 2
        }, 
        "fit": "linear", 
        "value": -0.019608137026662083
    }, 
    "Ar39": {
        "error": 0.052098456709758385, 
        "filter_outliers_dict": {
            "filter_outliers": true, 
            "iterations": 1, 
            "std_devs": 2
        }, 
        "fit": "Parabolic", 
        "value": -0.1997614836442258
    }, 
    "Ar40": {
        "error": 0.04603287898829271, 
        "filter_outliers_dict": {
            "filter_outliers": true, 
            "iterations": 1, 
            "std_devs": 2
        }, 
        "fit": "Parabolic", 
        "value": 1.7987229171946963
    }, 
    "Ar41": {
        "error": 0.11641607357883654, 
        "filter_outliers_dict": {
            "filter_outliers": true, 
            "iterations": 1, 
            "std_devs": 2
        }, 
        "fit": "linear", 
        "value": 0.0748290189266681
    }
}