{
    "Ar36": {
        "error": 0.0010679939314558217, 
        "filter_outliers_dict": {
            "filter_outliers": true, 
            "iterations": 1, 
            "std_devs": 2
        }, 
        "fit": "Parabolic", 
        "value": 0.0067895964171877255
    }, 
    "Ar37": {
        "error": 0.04474943141859868, 
        "filter_outliers_dict": {
            "filter_outliers": true, 
            "iterations": 1, 
            "std_devs": 2
        }, 
        "fit": "linear", 
        "value": -0.0063976538488892684
    }, 
    "Ar38": {
        "error": 0.019801424956015154, 
        "filter_outliers_dict": {
            "filter_outliers": true, 
            "iterations": 1, 
            "std_devs": 2
        }, 
        "fit": "linear", 
        "value": -0.01995579366013158
    }, 
    "Ar39": {
        "error": 0.049962239740337804, 
        "filter_outliers_dict": {
            "filter_outliers": true, 
            "iterations": 1, 
            "std_devs": 2
        }, 
        "fit": "Parabolic", 
        "value": -0.21334813666620367
    }, 
    "Ar40": {
        "error": 0.04153588883621732, 
        "filter_outliers_dict": {
            "filter_outliers": true, 
            "iterations": 1, 
            "std_devs": 2
        }, 
        "fit": "Parabolic", 
        "value": 1.8789014242676925
    }, 
    "Ar41": {
        "error": 0.10617904939744784, 
        "filter_outliers_dict": {
            "filter_outliers": true, 
            "iterations": 1, 
            "std_devs": 2
        }, 
        "fit": "linear", 
        "value": -0.17862131849652085
    }
}