{
    "Ar36": {
        "error": 0.0009898329324373272, 
        "filter_outliers_dict": {
            "filter_outliers": true, 
            "iterations": 1, 
            "std_devs": 2
        }, 
        "fit": "Parabolic", 
        "value": 0.006600832775508091
    }, 
    "Ar37": {
        "error": 0.04752617201679205, 
        "filter_outliers_dict": {
            "filter_outliers": true, 
            "iterations": 1, 
            "std_devs": 2
        }, 
        "fit": "linear", 
        "value": -0.014442425017834465
    }, 
    "Ar38": {
        "error": 0.020441037601756865, 
        "filter_outliers_dict": {
            "filter_outliers": true, 
            "iterations": 1, 
            "std_devs": 2
        }, 
        "fit": "linear", 
        "value": -0.020553654179602563
    }, 
    "Ar39": {
        "error": 0.051616660024453434, 
        "filter_outliers_dict": {
            "filter_outliers": true, 
            "iterations": 1, 
            "std_devs": 2
        }, 
        "fit": "Parabolic", 
        "value": -0.21646596901812779
    }, 
    "Ar40": {
        "error": 0.04358616037232677, 
        "filter_outliers_dict": {
            "filter_outliers": true, 
            "iterations": 1, 
            "std_devs": 2
        }, 
        "fit": "Parabolic", 
        "value": 1.7807544204665327
    }, 
    "Ar41": {
        "error": 0.10527376890885226, 
        "filter_outliers_dict": {
            "filter_outliers": true, 
            "iterations": 1, 
            "std_devs": 2
        }, 
        "fit": "linear", 
        "value": -0.17305313807375938
    }
}